方向,姓名,研究内容,方向页
理论与计算物理,Satoshi Nawata,"Intriguing connections of supersymmetric gauge theories, topological quantum field theories, mathematical physics and string theory via dynamics of M5-branes.",https://phys.fudan.edu.cn/f9/ac/c7537a260524/page.htm
理论与计算物理,车静光,固体物理学、计算物理学，新颖自旋电子学材料物性操控的计算机模拟和设计。,https://phys.fudan.edu.cn/f9/ac/c7537a260524/page.htm
理论与计算物理,陈焱,复杂量子体系中新奇量子态的理论与计算研究，包括非常规超导电性、自旋液体、超冷原子等。,https://phys.fudan.edu.cn/f9/ac/c7537a260524/page.htm
理论与计算物理,龚新高,计算凝聚态物理。分子动力学方法及其应用，纳米体系物性的理论研究，新型能源材料的设计和计算，表面和界面的结构和动力学性质。,https://phys.fudan.edu.cn/f9/ac/c7537a260524/page.htm
理论与计算物理,黄吉平,热调控与热超构材料。主要发展各种理论、模拟和实验方法，用于控制或调节宏观热流的新奇输运，例如热隐身、热幻像、宏观热二极管、环境温差中零能耗保温等等。,https://phys.fudan.edu.cn/f9/ac/c7537a260524/page.htm
理论与计算物理,孔令欣,规范场论／引力场论对应及其在量子纠缠及量子信息学的应用。量子场量基本结构，包括有关重整化群流及非平衡态的研究及其应用。凝聚态物理中拓扑态分类及相关物理现像。,https://phys.fudan.edu.cn/f9/ac/c7537a260524/page.htm
理论与计算物理,李晓鹏,可控量子体系的多体理论。原子分子物理、凝聚态、量子计算与量子信息的交叉研究。近期研究方向：奇异量子动力学、量子热化、多体局域化、量子神经网络与机器学习。,https://phys.fudan.edu.cn/f9/ac/c7537a260524/page.htm
理论与计算物理,马永利,主要从事凝聚态理论、量子统计系综理论、物质波、量子凝聚现象、超冷原子分子超流理论和涡流物理等的研究。,https://phys.fudan.edu.cn/f9/ac/c7537a260524/page.htm
理论与计算物理,戚扬,理论物理，主要研究强关联电子系统理论、拓扑序、量子相变等量子多体现象，以及用数值模拟方法研究量子多体系统。,https://phys.fudan.edu.cn/f9/ac/c7537a260524/page.htm
理论与计算物理,盛卫东,低维凝聚态物理，主要方向为小量子体系的电子结构，光学性质，及磁学特性等。,https://phys.fudan.edu.cn/f9/ac/c7537a260524/page.htm
理论与计算物理,孙鑫,Hellmann-Feynman定理与正交公式的关系,https://phys.fudan.edu.cn/f9/ac/c7537a260524/page.htm
理论与计算物理,施郁,量子纠缠及其在凝聚态物理和粒子物理中的运用。,https://phys.fudan.edu.cn/f9/ac/c7537a260524/page.htm
理论与计算物理,陶瑞宝,凝聚态理论。量子自旋系统和它们的动力学；介观系统中电荷和自旋的输运理论；量子态的演化和调控。,https://phys.fudan.edu.cn/f9/ac/c7537a260524/page.htm
理论与计算物理,万义顿,演生时空（量子引力）和物质、拓扑物态、量子计算与量子信息（全息原理、纠缠熵）、粒子物理。实验方面致力于用量子计算机模拟和实现拓扑物态及演生时空。,https://phys.fudan.edu.cn/f9/ac/c7537a260524/page.htm
理论与计算物理,王靖,理论凝聚态物理。凝聚态体系中的新奇量子现象的理论研究。研究课题包括拓扑绝缘体和拓扑超导体，自旋电子学，低维量子体系的电子和输运性质，介观体系的非线性光学。,https://phys.fudan.edu.cn/f9/ac/c7537a260524/page.htm
理论与计算物理,吴骅,计算凝聚态物理和计算材料科学。关联氧化物的新奇物性、磁性半导体、表面和界面物理：电子关联的氧化物具有丰富的物理特性。,https://phys.fudan.edu.cn/f9/ac/c7537a260524/page.htm
理论与计算物理,吴长勤,经典和量子物理、凝聚态理论。主要研究方向：有机材料和器件中电荷/自旋输运及光电转换现象；纳米量子结构的电荷/自旋和热输运；一维关联体系的序、相变、和激发。,https://phys.fudan.edu.cn/f9/ac/c7537a260524/page.htm
理论与计算物理,向红军,计算凝聚态物理。铁电性，磁性，多铁性的理论研究；二维材料（能源或拓扑材料）的理论研究；计算新方法的发展。,https://phys.fudan.edu.cn/f9/ac/c7537a260524/page.htm
理论与计算物理,肖江,凝聚态理论物理自旋电子学方向。现主要研究在自旋体系实现高效节能的逻辑计算、神经类脑计算、量子计算，以及相关的物理机制及应用。,https://phys.fudan.edu.cn/f9/ac/c7537a260524/page.htm
理论与计算物理,杨吉辉,计算半导体物理。用基于第一性原理计算的方法来研究半导体材料中与电子结构相关的性质，x包括缺陷、光学、电学、磁性以及输运等性质。,https://phys.fudan.edu.cn/f9/ac/c7537a260524/page.htm
理论与计算物理,杨中芹,计算凝聚态物理。新颖材料电子态、拓扑特性、自旋轨道耦合效应的理论研究，纳米体系量子电荷、自旋输运性质的理论研究。,https://phys.fudan.edu.cn/f9/ac/c7537a260524/page.htm
理论与计算物理,虞跃,凝聚态物理理论和量子场论。主要从事凝聚态强关联低维多体系统的研究，其中包括分数量子霍尔效应，拓扑物态，量子分数统计和拓扑量子计算，凝聚态强关联系统，等等。,https://phys.fudan.edu.cn/f9/ac/c7537a260524/page.htm
理论与计算物理,朱黄俊,量子信息和量子计算基础理论。主要包括量子测量，量子层析（quantum tomography），量子计算，量子纠缠，非局域关联，量子力学基本问题，和数学物理等。,https://phys.fudan.edu.cn/f9/ac/c7537a260524/page.htm
粒子物理、核物理,顾嘉荫,粒子物理理论与唯象学，包括有效场论，希格斯物理，TeV物理以及振幅方法的应用。,https://phys.fudan.edu.cn/f9/ad/c7537a260525/page.htm
粒子物理、核物理,黄焕中,高能核物理和粒子物理领域的实验研究；量子色动力学（QCD）理论研究和有效场理论的研究,https://phys.fudan.edu.cn/f9/ad/c7537a260525/page.htm
粒子物理、核物理,黄旭光,理论高能物理与核物理。研究温度场论以及高温和/或高密环境下“夸克-胶子物质和核物质的凝聚态物理”。,https://phys.fudan.edu.cn/f9/ad/c7537a260525/page.htm
粒子物理、核物理,马余刚,相对论重离子碰撞、反物质、中低能核物理、放射性核束物理、基于强激光的激光核物理的研究;,https://phys.fudan.edu.cn/f9/ad/c7537a260525/page.htm
粒子物理、核物理,邵鼎煜,微扰量子场论及有效场论的发展和应用；量子色动力学及电弱物理现象学研究； 非阿贝尔规范理论的红外结构及因子化定理证明。,https://phys.fudan.edu.cn/f9/ad/c7537a260525/page.htm
粒子物理、核物理,周洋,非微扰量子场论、共形场论与超对称场论及其在粒子物理、弦论及凝聚态物理中的应用。AdS/CFT对应与量子纠缠。,https://phys.fudan.edu.cn/f9/ad/c7537a260525/page.htm
凝聚态物理,蔡群,实验凝聚态物理，表面物理。利用扫描探针显微术研究表面/界面结构；半导体表面金属纳米体系生长过程和物理特性；薄膜生长的表面原子过程；半导体表面二维量子材料生长和物性。,https://phys.fudan.edu.cn/f9/ae/c7537a260526/page.htm
凝聚态物理,高春雷,表面磁学。利用自旋极化扫描隧道显微镜研究各类磁性体系的表面磁结构以及在原子尺度研究自旋激发和自旋翻转等现象，理解结构、电子态和磁性之间的关系。,https://phys.fudan.edu.cn/f9/ae/c7537a260526/page.htm
凝聚态物理,侯晓远,从事有机、无极半导体表面与界面物理、硅基光电子物理、材料与器件实验研究，在III-V族半导体表面原子结构和电子结构；GaAs表面钝化；异质外延生长GaN等方面取得了丰富的研究成果。,https://phys.fudan.edu.cn/f9/ae/c7537a260526/page.htm
凝聚态物理,蒋最敏,凝聚态物理。硅分子束外延：硅基低维材料制备、物理特性和器件应用。,https://phys.fudan.edu.cn/f9/ae/c7537a260526/page.htm
凝聚态物理,金晓峰,实验凝聚态物理。表面与超薄膜磁性，低维体系中的自旋相关输运。,https://phys.fudan.edu.cn/f9/ae/c7537a260526/page.htm
凝聚态物理,李世燕,凝聚态物理。关联电子材料的极低温物理性质，包括各种超导体、量子磁体、拓扑材料等。,https://phys.fudan.edu.cn/f9/ae/c7537a260526/page.htm
凝聚态物理,李炜,凝聚态物理，包括凝聚态理论、计算凝聚态物理和人工异质界面实验。系统性地结合理论、计算模拟和薄膜实验开展探索与研究新颖量子物态及其在人工异质界面材料中的实现。,https://phys.fudan.edu.cn/f9/ae/c7537a260526/page.htm
凝聚态物理,娄捷,理论凝聚态物理。用严格的数值模拟方法对强关联体系进行研究。研究方向包括量子磁体（带阻挫），量子相变，及与高温超导密切相关的强关联电子模型。,https://phys.fudan.edu.cn/f9/ae/c7537a260526/page.htm
凝聚态物理,陆昉,"主要研究领域为半导体物理,具体研究方向为半导体材料中的深能级缺陷以及半导体异质结、量子阱、超晶格结构等低维半导体材料的物理特性等。",https://phys.fudan.edu.cn/f9/ae/c7537a260526/page.htm
凝聚态物理,阮威,实验凝聚态物理。利用扫描探针技术研究复杂量子材料的电子结构，包括高温超导，低维电子体系的关联效应和拓扑性质，量子自旋液体，拉廷格液体等。,https://phys.fudan.edu.cn/f9/ae/c7537a260526/page.htm
凝聚态物理,沈健,凝聚态物理。研究方向: 纳米磁性、自旋电子学、低维物理、复杂体系强关联效应。,https://phys.fudan.edu.cn/f9/ae/c7537a260526/page.htm
凝聚态物理,施郁,量子纠缠及其在凝聚态物理和粒子物理中的运用。,https://phys.fudan.edu.cn/f9/ae/c7537a260526/page.htm
凝聚态物理,殳蕾,实验凝聚态物理。研究方向：利用谬子自旋弛豫/旋转和低温输运、热学测量研究量子临界性；非费米液体行为；强关联电子系统中的磁性和超导；高温超导。,https://phys.fudan.edu.cn/f9/ae/c7537a260526/page.htm
凝聚态物理,王迅,表面物理、半导体物理、半导体表面与界面的结构和电子态研究，硅基低维量子体系和光电子物理等。,https://phys.fudan.edu.cn/f9/ae/c7537a260526/page.htm
凝聚态物理,王熠华,实验凝聚态物理。用扫描磁探针和超快激光，来研究材料表面与介面的电与磁性质。研究对象涵盖高温超导，拓扑绝缘体，关联电子系统，及这些体系的人工异质界面。,https://phys.fudan.edu.cn/f9/ae/c7537a260526/page.htm
凝聚态物理,吴义政,实验凝聚态物理，如表面与超薄膜磁性，磁性纳米结构，低维体系中的自旋相关输运，自旋电子学，超快磁学和自旋动力学，以及同步辐射在磁学中的应用等。,https://phys.fudan.edu.cn/f9/ae/c7537a260526/page.htm
凝聚态物理,修发贤,凝聚态物理。研究方向: 拓扑狄拉克半金属，拓扑绝缘体，新型二维材料，稀磁半导体，电学、光电和自旋电子学特性。,https://phys.fudan.edu.cn/f9/ae/c7537a260526/page.htm
凝聚态物理,许宁生,长期从事真空微纳电子学研究工作，主要开展新型场发射冷阴极和真空微纳电子源阵列器件的基础研究，以及它们在功能器件上应用的探索性研究。,https://phys.fudan.edu.cn/f9/ae/c7537a260526/page.htm
凝聚态物理,杨新菊,扫描探针显微镜的应用研究；纳米尺度力学、电学和磁学性质的研究；半导体量子结构的制和单量子结构的电学性质研究；新型纳米材料的制备及其性质研究；生物单分子的观测和操纵。,https://phys.fudan.edu.cn/f9/ae/c7537a260526/page.htm
凝聚态物理,殷立峰,自旋电子学、纳米磁学、空间受限的复杂氧化物、复杂氧化物的表面和界面。,https://phys.fudan.edu.cn/f9/ae/c7537a260526/page.htm
凝聚态物理,张童,实验凝聚态物理。用低温扫描隧道显微镜研究新奇量子材料的电子结构，研究对象涵盖拓扑绝缘体、超导薄膜、铁基超导、单自旋探测以及外场调控异质界面等。,https://phys.fudan.edu.cn/f9/ae/c7537a260526/page.htm
凝聚态物理,张远波,实验凝聚态物理。石墨烯中相对论效应对电子影响；发展新样品制备和探测手段研究其它低维度系统结构和电磁性质；在极端物理条件下用电子输运的办法来观察寻找可能存在的新量子基态。,https://phys.fudan.edu.cn/f9/ae/c7537a260526/page.htm
凝聚态物理,赵俊,凝聚态物理。研究方向: 高温超导，磁性材料，过渡金属氧化物等强关联电子体系的中子散射和X射线散射研究，晶体生长。,https://phys.fudan.edu.cn/f9/ae/c7537a260526/page.htm
凝聚态物理,郑长林,电子显微学。利用超高分辨电子显微镜在单原子尺度研究凝聚态物质的微观结构与性质，发展新型的电子束操控、成像与探测等球差校正电子显微学技术。,https://phys.fudan.edu.cn/f9/ae/c7537a260526/page.htm
凝聚态物理,钟振扬,半导体纳米材料。可控半导体纳米材料的生长，特性测量及其器件应用的探索；半导体纳米材料的光电特性研究。,https://phys.fudan.edu.cn/f9/ae/c7537a260526/page.htm
软物质与生物物理,陈唯,软凝聚态物理。胶体物理实验：研究胶体的颗粒相互作用和扩散行为；生物物理实验：细胞随机行走，相互作用，内部涨落。,https://phys.fudan.edu.cn/f9/af/c7537a260527/page.htm
软物质与生物物理,季敏标,非线性光谱学和非线性光学显微成像技术。研究材料中载流子非平衡态动力学以及手性分子的表征；用相干拉曼成像技术研究生物和生物医学问题；用非线性光学成像手段来表征材料和器件。,https://phys.fudan.edu.cn/f9/af/c7537a260527/page.htm
软物质与生物物理,谭鹏,软凝聚态物理（实验）。复杂流体中的自组装与相变现象（结晶过程，玻璃化转变，jamming转变）；流体-流体和流体-固体相互作用。软物质中的流变。,https://phys.fudan.edu.cn/f9/af/c7537a260527/page.htm
软物质与生物物理,谭砚文,实验生物物理。研究方向: 我们实验室科研方向着重在理解生物分子系统的运作原理。我们将结合物理学背景与生物学中前沿的单分子萤光技术解决在生物与物理间跨领域的问题。,https://phys.fudan.edu.cn/f9/af/c7537a260527/page.htm
软物质与生物物理,韦广红,计算物理生物。研究方向：蛋白质/多肽聚集、自组装、蛋白-生物膜相互作用、蛋白-纳米颗粒相互作用、及天然小分子调控蛋白质聚集微观机理的计算机模拟研究。,https://phys.fudan.edu.cn/f9/af/c7537a260527/page.htm
光物理与光科学,安正华,微纳加工：采用微纳米加工技术制备凝聚态物理等前沿交叉学科所需电输运、光微腔、生物传感等微纳米器件；纳米光（电）子学：研究低维半导体量子结构与亚波长金属耦合体系基本物性。,https://phys.fudan.edu.cn/ea/05/c7537a256517/page.htm
光物理与光科学,丁鲲,非厄米物理、等离子体激元、卡西米尔相关效应的理论研究，主要关注于各种波系统的新奇性质，并与实验工作者合作探索这些性质的实验证实与可能的应用。,https://phys.fudan.edu.cn/ea/05/c7537a256517/page.htm
光物理与光科学,何琼,电磁特异介质，纳米光子学。研究如何利用电磁特异介质实现对电磁波的有效调控及其在微波、太赫兹以及可见光波段的实验实现。,https://phys.fudan.edu.cn/ea/05/c7537a256517/page.htm
光物理与光科学,孔庆昌,非线性光学、激光物理、超快光学及其应用。,https://phys.fudan.edu.cn/ea/05/c7537a256517/page.htm
光物理与光科学,林志方,光学微操控的一些理论研究，包括利用各种激光光束对微粒的操控，光力对微纳光子结构光学特性的影响等；人工电磁特异材料的理论设计及特性研究，包括光子晶体、磁可调电磁晶体等。,https://phys.fudan.edu.cn/ea/05/c7537a256517/page.htm
光物理与光科学,刘韡韬,非线性光学和凝聚态物理实验。表面/界面非线性光学：利用二阶非线性光学技术的特性研究常规实验技术较难探测的表、界面体；新材料中的非线性光学：探索新材料，开发新的应用。,https://phys.fudan.edu.cn/ea/05/c7537a256517/page.htm
光物理与光科学,刘晓晗,凝聚态的光学性质、光子晶体。主要研究成果有：研究了孔雀羽毛的微结构及其光学特性，发现了孔雀羽毛的光子晶体结构。,https://phys.fudan.edu.cn/ea/05/c7537a256517/page.htm
光物理与光科学,沈元壤,凝聚态物理，分子物理，非线性光学，激光光谱，液晶以及表面科学。发展了新的探测表面和界面的非线性光学技术，可以得到在分子层面关于界面水分子结构和取向以及吸附分子的构型。,https://phys.fudan.edu.cn/ea/05/c7537a256517/page.htm
光物理与光科学,石磊,"微纳光子学结构的设计,制备,模拟,表征及其应用研究。",https://phys.fudan.edu.cn/ea/05/c7537a256517/page.htm
光物理与光科学,陶镇生,发展高次谐波及其他实验强场光学技术，并应用于凝聚态物理研究。主要研究兴趣：光与物质相互作用（特别是强光场条件下）的非平衡态物理过程。,https://phys.fudan.edu.cn/ea/05/c7537a256517/page.htm
光物理与光科学,田传山,利用（非线性）激光光谱技术对材料表征，研究新的光学效应和过程以及界面物理。研究表面和界面微观结构与界面物理和化学特性的关系，包括冰的界面预融化、高压环境下可燃冰结晶微观过程等方面的研究。,https://phys.fudan.edu.cn/ea/05/c7537a256517/page.htm
光物理与光科学,吴赛骏,实验原子/光学物理，激光冷却，超冷原子，原子干涉，精密测量，相干控制，全息成像。,https://phys.fudan.edu.cn/ea/05/c7537a256517/page.htm
光物理与光科学,吴施伟,实验凝聚态物理和表面科学；扫描探针显微；超快纳米光学。开发利用先进扫描探针技术及其与光学技术的结合研究小尺度体系中的物理，并从微观角度解决凝聚态物理和表面科学中的问题。,https://phys.fudan.edu.cn/ea/05/c7537a256517/page.htm
光物理与光科学,晏湖根,新颖低维材料的光谱学，纳米光学，等离激元学。石墨烯等离激元和光学超构材料；发展和应用太赫兹和远红外光谱学；二维材料黑磷的光电特性。,https://phys.fudan.edu.cn/ea/05/c7537a256517/page.htm
光物理与光科学,赵利,超快激光与物质相互作用研究方向：“黑硅”的光电性质；微结构金属膜的制备和光学特性。,https://phys.fudan.edu.cn/ea/05/c7537a256517/page.htm
光物理与光科学,周磊,超构材料、超表面、纳米光子学、等离激元学。,https://phys.fudan.edu.cn/ea/05/c7537a256517/page.htm
光物理与光科学,资剑,光子晶体、表面等离子激元学、超构材料、自然界光子结构及结构色、液体表面波在周期结构中的传播。,https://phys.fudan.edu.cn/ea/05/c7537a256517/page.htm
天文与天体物理,袁峰,黑洞吸积与外流理论，活动星系核，星系形成与演化，计算天体物理，黑洞X射线双星,https://phys.fudan.edu.cn/d1/b3/c7537a709043/page.htm
天文与天体物理,Cosimo Bambi,黑洞，X射线天文学，计算天体物理学，广义相对论的检验,https://phys.fudan.edu.cn/d1/b3/c7537a709043/page.htm
天文与天体物理,季索清,星系形成与演化，环星系介质，AGN反馈，宇宙射线，湍流，磁流体动力学,https://phys.fudan.edu.cn/d1/b3/c7537a709043/page.htm
天文与天体物理,Antonino Marciano,量子场论，引力理论，宇宙学,https://phys.fudan.edu.cn/d1/b3/c7537a709043/page.htm
天文与天体物理,万义顿,理论宇宙学及其现象学，拓扑序，量子计算与量子信息，量子时空,https://phys.fudan.edu.cn/d1/b3/c7537a709043/page.htm
